{
  "type": "FeatureCollection",
  "metadata": {
    "title": "England country outline, ultra generalised and clipped",
    "source": "ONS Countries (December 2025) Boundaries UK BUC",
    "sourceUrl": "https://geoportal.statistics.gov.uk/datasets/818212ae5b2948bcb352842081c03762",
    "licence": "Open Government Licence v3.0",
    "coordinateReferenceSystem": "WGS84 (EPSG:4326)",
    "generalisation": "0.01 degree maximum allowable offset for web display"
  },
  "features": [
    {
      "type": "Feature",
      "geometry": {
        "type": "MultiPolygon",
        "coordinates": [
          [
            [
              [
                -6.3467,
                49.8976
              ],
              [
                -6.3285,
                49.8921
              ],
              [
                -6.3413,
                49.8823
              ],
              [
                -6.3467,
                49.8976
              ]
            ]
          ],
          [
            [
              [
                -6.3742,
                49.899
              ],
              [
                -6.372,
                49.8958
              ],
              [
                -6.3779,
                49.8959
              ],
              [
                -6.3742,
                49.899
              ]
            ]
          ],
          [
            [
              [
                -6.2773,
                49.9185
              ],
              [
                -6.3036,
                49.9033
              ],
              [
                -6.3276,
                49.9126
              ],
              [
                -6.2978,
                49.9368
              ],
              [
                -6.2773,
                49.9185
              ]
            ]
          ],
          [
            [
              [
                -6.3523,
                49.9376
              ],
              [
                -6.3506,
                49.9281
              ],
              [
                -6.3577,
                49.9303
              ],
              [
                -6.3523,
                49.9376
              ]
            ]
          ],
          [
            [
              [
                -6.3481,
                49.9557
              ],
              [
                -6.3606,
                49.946
              ],
              [
                -6.359,
                49.9637
              ],
              [
                -6.3481,
                49.9557
              ]
            ]
          ],
          [
            [
              [
                -6.3417,
                49.9662
              ],
              [
                -6.3197,
                49.9447
              ],
              [
                -6.3326,
                49.9395
              ],
              [
                -6.3417,
                49.9662
              ]
            ]
          ],
          [
            [
              [
                -6.3091,
                49.9696
              ],
              [
                -6.3094,
                49.965
              ],
              [
                -6.3158,
                49.967
              ],
              [
                -6.3091,
                49.9696
              ]
            ]
          ],
          [
            [
              [
                -6.2912,
                49.9704
              ],
              [
                -6.2616,
                49.9628
              ],
              [
                -6.2848,
                49.9566
              ],
              [
                -6.3041,
                49.9651
              ],
              [
                -6.2912,
                49.9704
              ]
            ]
          ],
          [
            [
              [
                -6.3233,
                49.9719
              ],
              [
                -6.3271,
                49.9705
              ],
              [
                -6.3266,
                49.9748
              ],
              [
                -6.3233,
                49.9719
              ]
            ]
          ],
          [
            [
              [
                -6.2942,
                49.9798
              ],
              [
                -6.2924,
                49.9757
              ],
              [
                -6.2929,
                49.9763
              ],
              [
                -6.2942,
                49.9798
              ]
            ]
          ],
          [
            [
              [
                -5.4767,
                50.1166
              ],
              [
                -5.4783,
                50.1158
              ],
              [
                -5.4782,
                50.1184
              ],
              [
                -5.4767,
                50.1166
              ]
            ]
          ],
          [
            [
              [
                -3.8983,
                50.2784
              ],
              [
                -3.9011,
                50.2781
              ],
              [
                -3.8995,
                50.281
              ],
              [
                -3.8983,
                50.2784
              ]
            ]
          ],
          [
            [
              [
                -4.4459,
                50.3362
              ],
              [
                -4.4517,
                50.3361
              ],
              [
                -4.4502,
                50.3383
              ],
              [
                -4.4459,
                50.3362
              ]
            ]
          ],
          [
            [
              [
                -1.9871,
                50.6793
              ],
              [
                -1.9967,
                50.68
              ],
              [
                -1.9939,
                50.6829
              ],
              [
                -1.9871,
                50.6793
              ]
            ]
          ],
          [
            [
              [
                -1.98,
                50.6835
              ],
              [
                -1.989,
                50.6817
              ],
              [
                -1.9911,
                50.6842
              ],
              [
                -1.98,
                50.6835
              ]
            ]
          ],
          [
            [
              [
                -2.0122,
                50.688
              ],
              [
                -2.0174,
                50.6844
              ],
              [
                -2.022,
                50.6939
              ],
              [
                -2.0122,
                50.688
              ]
            ]
          ],
          [
            [
              [
                -1.9568,
                50.6882
              ],
              [
                -1.9881,
                50.6925
              ],
              [
                -1.9742,
                50.6972
              ],
              [
                -1.9568,
                50.6882
              ]
            ]
          ],
          [
            [
              [
                -1.2829,
                50.7297
              ],
              [
                -1.2916,
                50.7019
              ],
              [
                -1.2756,
                50.7317
              ],
              [
                -1.2905,
                50.7544
              ],
              [
                -1.2748,
                50.7654
              ],
              [
                -1.2173,
                50.7357
              ],
              [
                -1.2255,
                50.7246
              ],
              [
                -1.2176,
                50.735
              ],
              [
                -1.1097,
                50.7216
              ],
              [
                -1.0961,
                50.6942
              ],
              [
                -1.1083,
                50.6935
              ],
              [
                -1.0706,
                50.6877
              ],
              [
                -1.1605,
                50.6493
              ],
              [
                -1.1812,
                50.6
              ],
              [
                -1.1996,
                50.5943
              ],
              [
                -1.3029,
                50.5764
              ],
              [
                -1.4841,
                50.6666
              ],
              [
                -1.5865,
                50.6631
              ],
              [
                -1.5238,
                50.7063
              ],
              [
                -1.4991,
                50.6942
              ],
              [
                -1.5039,
                50.7057
              ],
              [
                -1.428,
                50.7259
              ],
              [
                -1.4125,
                50.719
              ],
              [
                -1.4372,
                50.7025
              ],
              [
                -1.3997,
                50.7108
              ],
              [
                -1.4035,
                50.7245
              ],
              [
                -1.4092,
                50.7161
              ],
              [
                -1.3767,
                50.7106
              ],
              [
                -1.3699,
                50.7198
              ],
              [
                -1.4041,
                50.7266
              ],
              [
                -1.3156,
                50.766
              ],
              [
                -1.2922,
                50.758
              ],
              [
                -1.2829,
                50.7297
              ]
            ]
          ],
          [
            [
              [
                -1.0926,
                50.815
              ],
              [
                -1.1016,
                50.8137
              ],
              [
                -1.098,
                50.8203
              ],
              [
                -1.0926,
                50.815
              ]
            ]
          ],
          [
            [
              [
                -1.0053,
                50.8338
              ],
              [
                -1.0024,
                50.8293
              ],
              [
                -1.009,
                50.8333
              ],
              [
                -1.0053,
                50.8338
              ]
            ]
          ],
          [
            [
              [
                -0.9691,
                50.8345
              ],
              [
                -0.951,
                50.824
              ],
              [
                -0.9571,
                50.8073
              ],
              [
                -0.9734,
                50.8088
              ],
              [
                -0.953,
                50.801
              ],
              [
                -0.9673,
                50.7872
              ],
              [
                -0.9365,
                50.7782
              ],
              [
                -1.0202,
                50.7856
              ],
              [
                -1.0253,
                50.7954
              ],
              [
                -0.9949,
                50.7981
              ],
              [
                -0.9868,
                50.8269
              ],
              [
                -0.9691,
                50.8345
              ]
            ]
          ],
          [
            [
              [
                -1.0442,
                50.8317
              ],
              [
                -1.044,
                50.7902
              ],
              [
                -1.0321,
                50.7868
              ],
              [
                -1.0885,
                50.7777
              ],
              [
                -1.1097,
                50.7915
              ],
              [
                -1.1115,
                50.807
              ],
              [
                -1.0905,
                50.8116
              ],
              [
                -1.1002,
                50.8269
              ],
              [
                -1.0442,
                50.8317
              ]
            ]
          ],
          [
            [
              [
                -3.0158,
                51.2285
              ],
              [
                -3.0148,
                51.2231
              ],
              [
                -3.0187,
                51.2284
              ],
              [
                -3.0158,
                51.2285
              ]
            ]
          ],
          [
            [
              [
                -4.6641,
                51.1618
              ],
              [
                -4.6806,
                51.1724
              ],
              [
                -4.6774,
                51.2024
              ],
              [
                -4.6535,
                51.1623
              ],
              [
                -4.6641,
                51.1618
              ]
            ]
          ],
          [
            [
              [
                -3.1052,
                51.3402
              ],
              [
                -3.1148,
                51.3397
              ],
              [
                -3.106,
                51.3414
              ],
              [
                -3.1052,
                51.3402
              ]
            ]
          ],
          [
            [
              [
                0.6765,
                51.3926
              ],
              [
                0.6705,
                51.3944
              ],
              [
                0.6821,
                51.3963
              ],
              [
                0.6765,
                51.3926
              ]
            ]
          ],
          [
            [
              [
                0.6146,
                51.4004
              ],
              [
                0.6034,
                51.3938
              ],
              [
                0.5951,
                51.4002
              ],
              [
                0.6146,
                51.4004
              ]
            ]
          ],
          [
            [
              [
                0.5644,
                51.408
              ],
              [
                0.5826,
                51.4031
              ],
              [
                0.5615,
                51.4022
              ],
              [
                0.5644,
                51.408
              ]
            ]
          ],
          [
            [
              [
                0.6912,
                51.4117
              ],
              [
                0.6945,
                51.3966
              ],
              [
                0.6659,
                51.4063
              ],
              [
                0.6912,
                51.4117
              ]
            ]
          ],
          [
            [
              [
                0.6389,
                51.4213
              ],
              [
                0.6385,
                51.4165
              ],
              [
                0.6299,
                51.4211
              ],
              [
                0.6389,
                51.4213
              ]
            ]
          ],
          [
            [
              [
                0.687,
                51.4223
              ],
              [
                0.6878,
                51.4143
              ],
              [
                0.6601,
                51.4176
              ],
              [
                0.687,
                51.4223
              ]
            ]
          ],
          [
            [
              [
                0.6383,
                51.4276
              ],
              [
                0.6332,
                51.427
              ],
              [
                0.6366,
                51.4294
              ],
              [
                0.6383,
                51.4276
              ]
            ]
          ],
          [
            [
              [
                0.6581,
                51.4396
              ],
              [
                0.6503,
                51.439
              ],
              [
                0.6541,
                51.4423
              ],
              [
                0.6581,
                51.4396
              ]
            ]
          ],
          [
            [
              [
                0.6586,
                51.4479
              ],
              [
                0.6612,
                51.4437
              ],
              [
                0.6555,
                51.4454
              ],
              [
                0.6586,
                51.4479
              ]
            ]
          ],
          [
            [
              [
                0.902,
                51.4165
              ],
              [
                0.951,
                51.3735
              ],
              [
                0.8972,
                51.3543
              ],
              [
                0.8576,
                51.3703
              ],
              [
                0.7736,
                51.3677
              ],
              [
                0.7215,
                51.4145
              ],
              [
                0.7406,
                51.4112
              ],
              [
                0.7446,
                51.4473
              ],
              [
                0.902,
                51.4165
              ]
            ]
          ],
          [
            [
              [
                0.6399,
                51.5335
              ],
              [
                0.609,
                51.5348
              ],
              [
                0.6465,
                51.5377
              ],
              [
                0.6399,
                51.5335
              ]
            ]
          ],
          [
            [
              [
                0.5565,
                51.5444
              ],
              [
                0.6369,
                51.522
              ],
              [
                0.5536,
                51.5099
              ],
              [
                0.518,
                51.5299
              ],
              [
                0.5565,
                51.5444
              ]
            ]
          ],
          [
            [
              [
                0.8403,
                51.5609
              ],
              [
                0.8258,
                51.5645
              ],
              [
                0.8289,
                51.5723
              ],
              [
                0.8403,
                51.5609
              ]
            ]
          ],
          [
            [
              [
                0.8375,
                51.5852
              ],
              [
                0.8229,
                51.5649
              ],
              [
                0.8082,
                51.585
              ],
              [
                0.8301,
                51.596
              ],
              [
                0.8375,
                51.5852
              ]
            ]
          ],
          [
            [
              [
                0.9553,
                51.6132
              ],
              [
                0.8664,
                51.5589
              ],
              [
                0.8327,
                51.5758
              ],
              [
                0.8634,
                51.5719
              ],
              [
                0.838,
                51.5936
              ],
              [
                0.8668,
                51.5952
              ],
              [
                0.8744,
                51.6142
              ],
              [
                0.9553,
                51.6132
              ]
            ]
          ],
          [
            [
              [
                0.7464,
                51.6354
              ],
              [
                0.7387,
                51.6374
              ],
              [
                0.7456,
                51.6387
              ],
              [
                0.7464,
                51.6354
              ]
            ]
          ],
          [
            [
              [
                0.7595,
                51.6415
              ],
              [
                0.7486,
                51.6375
              ],
              [
                0.7519,
                51.6422
              ],
              [
                0.7595,
                51.6415
              ]
            ]
          ],
          [
            [
              [
                0.7465,
                51.6406
              ],
              [
                0.7377,
                51.6343
              ],
              [
                0.7115,
                51.6374
              ],
              [
                0.7465,
                51.6406
              ]
            ]
          ],
          [
            [
              [
                0.7877,
                51.7223
              ],
              [
                0.7723,
                51.7187
              ],
              [
                0.7545,
                51.7245
              ],
              [
                0.7877,
                51.7223
              ]
            ]
          ],
          [
            [
              [
                0.7219,
                51.7305
              ],
              [
                0.7291,
                51.7183
              ],
              [
                0.7105,
                51.7186
              ],
              [
                0.7219,
                51.7305
              ]
            ]
          ],
          [
            [
              [
                0.9651,
                51.8088
              ],
              [
                1.0058,
                51.7995
              ],
              [
                0.9966,
                51.7912
              ],
              [
                0.9458,
                51.7747
              ],
              [
                0.8981,
                51.7797
              ],
              [
                0.9651,
                51.8088
              ]
            ]
          ],
          [
            [
              [
                1.2677,
                51.8648
              ],
              [
                1.2519,
                51.8695
              ],
              [
                1.2646,
                51.8722
              ],
              [
                1.2677,
                51.8648
              ]
            ]
          ],
          [
            [
              [
                1.2637,
                51.8749
              ],
              [
                1.2546,
                51.8756
              ],
              [
                1.2622,
                51.8807
              ],
              [
                1.2637,
                51.8749
              ]
            ]
          ],
          [
            [
              [
                1.257,
                51.8837
              ],
              [
                1.2446,
                51.8688
              ],
              [
                1.2259,
                51.8751
              ],
              [
                1.257,
                51.8837
              ]
            ]
          ],
          [
            [
              [
                1.2272,
                51.8882
              ],
              [
                1.2298,
                51.8849
              ],
              [
                1.212,
                51.881
              ],
              [
                1.2272,
                51.8882
              ]
            ]
          ],
          [
            [
              [
                1.2235,
                51.8982
              ],
              [
                1.2289,
                51.8956
              ],
              [
                1.2187,
                51.8975
              ],
              [
                1.2235,
                51.8982
              ]
            ]
          ],
          [
            [
              [
                1.2318,
                51.9018
              ],
              [
                1.2446,
                51.8881
              ],
              [
                1.2309,
                51.8883
              ],
              [
                1.2318,
                51.9018
              ]
            ]
          ],
          [
            [
              [
                1.5363,
                52.0761
              ],
              [
                1.5001,
                52.0655
              ],
              [
                1.5252,
                52.0802
              ],
              [
                1.5363,
                52.0761
              ]
            ]
          ],
          [
            [
              [
                0.8689,
                52.9577
              ],
              [
                0.8573,
                52.9577
              ],
              [
                0.8658,
                52.9605
              ],
              [
                0.8689,
                52.9577
              ]
            ]
          ],
          [
            [
              [
                0.6802,
                52.9882
              ],
              [
                0.7511,
                52.9784
              ],
              [
                0.6813,
                52.9775
              ],
              [
                0.684,
                52.9877
              ],
              [
                0.663,
                52.9825
              ],
              [
                0.6802,
                52.9882
              ]
            ]
          ],
          [
            [
              [
                -0.5464,
                53.6899
              ],
              [
                -0.5206,
                53.6857
              ],
              [
                -0.5358,
                53.6813
              ],
              [
                -0.5464,
                53.6899
              ]
            ]
          ],
          [
            [
              [
                -2.8933,
                53.9896
              ],
              [
                -2.8983,
                53.9878
              ],
              [
                -2.9001,
                53.9906
              ],
              [
                -2.8933,
                53.9896
              ]
            ]
          ],
          [
            [
              [
                -3.1741,
                54.0665
              ],
              [
                -3.1734,
                54.0619
              ],
              [
                -3.1769,
                54.0635
              ],
              [
                -3.1741,
                54.0665
              ]
            ]
          ],
          [
            [
              [
                -3.246,
                54.1072
              ],
              [
                -3.2515,
                54.0963
              ],
              [
                -3.2057,
                54.0523
              ],
              [
                -3.1731,
                54.0471
              ],
              [
                -3.2097,
                54.0475
              ],
              [
                -3.264,
                54.1026
              ],
              [
                -3.2767,
                54.1418
              ],
              [
                -3.252,
                54.1507
              ],
              [
                -3.2648,
                54.1386
              ],
              [
                -3.246,
                54.1072
              ]
            ]
          ],
          [
            [
              [
                -3.1176,
                54.9749
              ],
              [
                -3.1186,
                54.9745
              ],
              [
                -3.1181,
                54.9749
              ],
              [
                -3.1176,
                54.9749
              ]
            ]
          ],
          [
            [
              [
                -1.655,
                55.6174
              ],
              [
                -1.6551,
                55.6167
              ],
              [
                -1.6583,
                55.6169
              ],
              [
                -1.655,
                55.6174
              ]
            ]
          ],
          [
            [
              [
                -1.8632,
                55.6979
              ],
              [
                -1.7792,
                55.6856
              ],
              [
                -1.7789,
                55.6677
              ],
              [
                -1.8553,
                55.6807
              ],
              [
                -1.8632,
                55.6979
              ]
            ]
          ],
          [
            [
              [
                -2,
                55.7859
              ],
              [
                -1.9873,
                55.7654
              ],
              [
                -2.0166,
                55.7746
              ],
              [
                -2.046,
                55.758
              ],
              [
                -2.0252,
                55.7713
              ],
              [
                -1.9926,
                55.7614
              ],
              [
                -1.912,
                55.705
              ],
              [
                -1.8707,
                55.698
              ],
              [
                -1.87,
                55.6659
              ],
              [
                -1.839,
                55.6423
              ],
              [
                -1.8022,
                55.6361
              ],
              [
                -1.7872,
                55.6555
              ],
              [
                -1.7544,
                55.6224
              ],
              [
                -1.7863,
                55.616
              ],
              [
                -1.7691,
                55.603
              ],
              [
                -1.7423,
                55.6186
              ],
              [
                -1.692,
                55.6062
              ],
              [
                -1.6189,
                55.5522
              ],
              [
                -1.6381,
                55.5409
              ],
              [
                -1.6106,
                55.5217
              ],
              [
                -1.6143,
                55.4982
              ],
              [
                -1.5912,
                55.4923
              ],
              [
                -1.5933,
                55.4402
              ],
              [
                -1.5756,
                55.4305
              ],
              [
                -1.5788,
                55.4089
              ],
              [
                -1.6235,
                55.3895
              ],
              [
                -1.5739,
                55.3391
              ],
              [
                -1.5924,
                55.3396
              ],
              [
                -1.5494,
                55.3217
              ],
              [
                -1.5709,
                55.2755
              ],
              [
                -1.4992,
                55.1856
              ],
              [
                -1.5401,
                55.1616
              ],
              [
                -1.491,
                55.1208
              ],
              [
                -1.5219,
                55.1436
              ],
              [
                -1.5581,
                55.1469
              ],
              [
                -1.534,
                55.1376
              ],
              [
                -1.5651,
                55.1338
              ],
              [
                -1.5003,
                55.1279
              ],
              [
                -1.4946,
                55.1024
              ],
              [
                -1.4035,
                55.0147
              ],
              [
                -1.4298,
                55.0132
              ],
              [
                -1.4565,
                54.9886
              ],
              [
                -1.5308,
                54.984
              ],
              [
                -1.554,
                54.96
              ],
              [
                -1.5928,
                54.9763
              ],
              [
                -1.6395,
                54.9604
              ],
              [
                -1.785,
                54.9845
              ],
              [
                -1.6377,
                54.957
              ],
              [
                -1.5941,
                54.9699
              ],
              [
                -1.5524,
                54.958
              ],
              [
                -1.5284,
                54.9821
              ],
              [
                -1.4486,
                54.9869
              ],
              [
                -1.4397,
                55.0039
              ],
              [
                -1.4142,
                55.0053
              ],
              [
                -1.3566,
                54.9652
              ],
              [
                -1.3615,
                54.9184
              ],
              [
                -1.3828,
                54.9095
              ],
              [
                -1.3612,
                54.9173
              ],
              [
                -1.3508,
                54.906
              ],
              [
                -1.358,
                54.8857
              ],
              [
                -1.3209,
                54.8376
              ],
              [
                -1.3005,
                54.7686
              ],
              [
                -1.2459,
                54.7234
              ],
              [
                -1.1757,
                54.6967
              ],
              [
                -1.1963,
                54.6986
              ],
              [
                -1.1985,
                54.6796
              ],
              [
                -1.158,
                54.6483
              ],
              [
                -1.1656,
                54.6319
              ],
              [
                -1.2128,
                54.6215
              ],
              [
                -1.1648,
                54.6282
              ],
              [
                -1.1674,
                54.6048
              ],
              [
                -1.2029,
                54.5835
              ],
              [
                -1.2525,
                54.5924
              ],
              [
                -1.2599,
                54.5757
              ],
              [
                -1.2517,
                54.5907
              ],
              [
                -1.207,
                54.5767
              ],
              [
                -1.1514,
                54.5962
              ],
              [
                -1.1635,
                54.6021
              ],
              [
                -1.1468,
                54.5991
              ],
              [
                -1.1546,
                54.6275
              ],
              [
                -1.1355,
                54.6296
              ],
              [
                -1.1391,
                54.6441
              ],
              [
                -0.9844,
                54.5893
              ],
              [
                -0.7899,
                54.5602
              ],
              [
                -0.7447,
                54.5285
              ],
              [
                -0.6824,
                54.5197
              ],
              [
                -0.6703,
                54.5008
              ],
              [
                -0.5882,
                54.4886
              ],
              [
                -0.5215,
                54.447
              ],
              [
                -0.5228,
                54.4163
              ],
              [
                -0.4733,
                54.3979
              ],
              [
                -0.3639,
                54.2451
              ],
              [
                -0.2593,
                54.2159
              ],
              [
                -0.2801,
                54.2149
              ],
              [
                -0.2828,
                54.1951
              ],
              [
                -0.2329,
                54.1618
              ],
              [
                -0.078,
                54.1161
              ],
              [
                -0.1648,
                54.0996
              ],
              [
                -0.1984,
                54.0779
              ],
              [
                -0.2151,
                54.0158
              ],
              [
                -0.1282,
                53.8713
              ],
              [
                0.117,
                53.6623
              ],
              [
                0.1463,
                53.6035
              ],
              [
                0.1085,
                53.5716
              ],
              [
                0.1453,
                53.6058
              ],
              [
                0.1246,
                53.6234
              ],
              [
                0.0006,
                53.6549
              ],
              [
                0.0173,
                53.6449
              ],
              [
                -0.0538,
                53.6292
              ],
              [
                -0.1035,
                53.6353
              ],
              [
                -0.2273,
                53.7085
              ],
              [
                -0.243,
                53.7389
              ],
              [
                -0.3302,
                53.7478
              ],
              [
                -0.3846,
                53.7243
              ],
              [
                -0.5426,
                53.7084
              ],
              [
                -0.6207,
                53.7302
              ],
              [
                -0.7001,
                53.7038
              ],
              [
                -0.8119,
                53.7043
              ],
              [
                -0.7306,
                53.7043
              ],
              [
                -0.7,
                53.6989
              ],
              [
                -0.6985,
                53.6846
              ],
              [
                -0.6114,
                53.7146
              ],
              [
                -0.5255,
                53.678
              ],
              [
                -0.4705,
                53.6982
              ],
              [
                -0.2894,
                53.7132
              ],
              [
                -0.2044,
                53.6379
              ],
              [
                -0.0932,
                53.5811
              ],
              [
                -0.0602,
                53.5816
              ],
              [
                0.0403,
                53.5153
              ],
              [
                0.0266,
                53.5296
              ],
              [
                0.085,
                53.5164
              ],
              [
                0.09,
                53.4926
              ],
              [
                0.1294,
                53.4992
              ],
              [
                0.1736,
                53.4707
              ],
              [
                0.1795,
                53.4433
              ],
              [
                0.211,
                53.4173
              ],
              [
                0.1909,
                53.4182
              ],
              [
                0.2296,
                53.4049
              ],
              [
                0.3372,
                53.2404
              ],
              [
                0.3556,
                53.1921
              ],
              [
                0.3482,
                53.1092
              ],
              [
                0.3324,
                53.0867
              ],
              [
                0.3113,
                53.0949
              ],
              [
                0.1514,
                53.0081
              ],
              [
                0.079,
                52.934
              ],
              [
                0.0565,
                52.9301
              ],
              [
                0.0765,
                52.9315
              ],
              [
                0.0517,
                52.9172
              ],
              [
                0.0426,
                52.9278
              ],
              [
                0.0532,
                52.9159
              ],
              [
                0.0093,
                52.8943
              ],
              [
                0.0686,
                52.9187
              ],
              [
                0.0564,
                52.9034
              ],
              [
                0.1763,
                52.8741
              ],
              [
                0.2094,
                52.8195
              ],
              [
                0.3519,
                52.8094
              ],
              [
                0.3955,
                52.7476
              ],
              [
                0.3578,
                52.8125
              ],
              [
                0.4448,
                52.8533
              ],
              [
                0.49,
                52.9478
              ],
              [
                0.5349,
                52.9747
              ],
              [
                0.5756,
                52.964
              ],
              [
                0.5951,
                52.968
              ],
              [
                0.5893,
                52.9768
              ],
              [
                0.6702,
                52.9778
              ],
              [
                0.6435,
                52.9662
              ],
              [
                0.7259,
                52.9777
              ],
              [
                0.7521,
                52.9729
              ],
              [
                0.7333,
                52.9642
              ],
              [
                0.7516,
                52.9771
              ],
              [
                0.8442,
                52.9772
              ],
              [
                0.851,
                52.9578
              ],
              [
                0.8699,
                52.9549
              ],
              [
                0.8653,
                52.9695
              ],
              [
                0.853,
                52.9579
              ],
              [
                0.8719,
                52.9791
              ],
              [
                0.8976,
                52.9594
              ],
              [
                1.0071,
                52.9559
              ],
              [
                0.9878,
                52.9639
              ],
              [
                1.0464,
                52.9658
              ],
              [
                0.9737,
                52.9788
              ],
              [
                0.9583,
                52.9692
              ],
              [
                0.9775,
                52.9799
              ],
              [
                1.2886,
                52.9347
              ],
              [
                1.4169,
                52.889
              ],
              [
                1.5867,
                52.8017
              ],
              [
                1.6976,
                52.7235
              ],
              [
                1.7419,
                52.634
              ],
              [
                1.7398,
                52.573
              ],
              [
                1.7107,
                52.619
              ],
              [
                1.6455,
                52.5894
              ],
              [
                1.6506,
                52.5762
              ],
              [
                1.651,
                52.5942
              ],
              [
                1.7204,
                52.608
              ],
              [
                1.7636,
                52.4816
              ],
              [
                1.7217,
                52.4776
              ],
              [
                1.7562,
                52.4716
              ],
              [
                1.6755,
                52.3134
              ],
              [
                1.6345,
                52.279
              ],
              [
                1.6223,
                52.1869
              ],
              [
                1.5794,
                52.0873
              ],
              [
                1.468,
                52.0486
              ],
              [
                1.575,
                52.0913
              ],
              [
                1.5395,
                52.088
              ],
              [
                1.5688,
                52.0981
              ],
              [
                1.5991,
                52.1436
              ],
              [
                1.5517,
                52.1666
              ],
              [
                1.5113,
                52.1551
              ],
              [
                1.4956,
                52.1652
              ],
              [
                1.5108,
                52.1511
              ],
              [
                1.5676,
                52.1561
              ],
              [
                1.5955,
                52.1417
              ],
              [
                1.5379,
                52.081
              ],
              [
                1.5105,
                52.0696
              ],
              [
                1.4906,
                52.0735
              ],
              [
                1.4961,
                52.0864
              ],
              [
                1.4954,
                52.0644
              ],
              [
                1.3941,
                51.9873
              ],
              [
                1.3447,
                52.0312
              ],
              [
                1.3437,
                52.0641
              ],
              [
                1.319,
                52.0806
              ],
              [
                1.3372,
                52.1038
              ],
              [
                1.2955,
                52.0773
              ],
              [
                1.3174,
                52.0761
              ],
              [
                1.3474,
                52.0423
              ],
              [
                1.3374,
                52.0244
              ],
              [
                1.3915,
                51.9893
              ],
              [
                1.3202,
                51.9335
              ],
              [
                1.3157,
                51.9514
              ],
              [
                1.2845,
                51.9652
              ],
              [
                1.2803,
                51.9931
              ],
              [
                1.1883,
                52.015
              ],
              [
                1.1599,
                52.048
              ],
              [
                1.15,
                52.034
              ],
              [
                1.1669,
                52.0183
              ],
              [
                1.2673,
                51.9879
              ],
              [
                1.2766,
                51.9577
              ],
              [
                1.1873,
                51.9558
              ],
              [
                1.1635,
                51.9705
              ],
              [
                1.1303,
                51.9535
              ],
              [
                1.0588,
                51.9559
              ],
              [
                1.0619,
                51.9459
              ],
              [
                1.2908,
                51.9489
              ],
              [
                1.2964,
                51.9357
              ],
              [
                1.254,
                51.9181
              ],
              [
                1.2467,
                51.8961
              ],
              [
                1.2298,
                51.9046
              ],
              [
                1.2122,
                51.8969
              ],
              [
                1.2283,
                51.8905
              ],
              [
                1.199,
                51.8848
              ],
              [
                1.2109,
                51.8792
              ],
              [
                1.1782,
                51.8714
              ],
              [
                1.2244,
                51.8806
              ],
              [
                1.2128,
                51.8699
              ],
              [
                1.2285,
                51.8726
              ],
              [
                1.2324,
                51.8551
              ],
              [
                1.2587,
                51.8635
              ],
              [
                1.2691,
                51.8518
              ],
              [
                1.2637,
                51.8862
              ],
              [
                1.2912,
                51.868
              ],
              [
                1.2388,
                51.8212
              ],
              [
                1.178,
                51.7956
              ],
              [
                1.0427,
                51.7699
              ],
              [
                1.0176,
                51.8007
              ],
              [
                1.0678,
                51.8211
              ],
              [
                1.0106,
                51.8056
              ],
              [
                0.9804,
                51.8472
              ],
              [
                0.9555,
                51.8541
              ],
              [
                0.976,
                51.8464
              ],
              [
                0.9823,
                51.8174
              ],
              [
                0.9526,
                51.8333
              ],
              [
                0.9642,
                51.822
              ],
              [
                0.9435,
                51.8222
              ],
              [
                0.9912,
                51.8072
              ],
              [
                0.9199,
                51.8079
              ],
              [
                0.9372,
                51.8059
              ],
              [
                0.8948,
                51.791
              ],
              [
                0.8934,
                51.7744
              ],
              [
                0.8375,
                51.7842
              ],
              [
                0.8946,
                51.7663
              ],
              [
                0.8367,
                51.7739
              ],
              [
                0.8607,
                51.7643
              ],
              [
                0.8504,
                51.7571
              ],
              [
                0.8827,
                51.7577
              ],
              [
                0.8524,
                51.7416
              ],
              [
                0.7129,
                51.7375
              ],
              [
                0.7054,
                51.7239
              ],
              [
                0.6865,
                51.7332
              ],
              [
                0.7102,
                51.7139
              ],
              [
                0.7692,
                51.7084
              ],
              [
                0.7378,
                51.6872
              ],
              [
                0.7722,
                51.7017
              ],
              [
                0.7773,
                51.6854
              ],
              [
                0.7716,
                51.7041
              ],
              [
                0.7976,
                51.7079
              ],
              [
                0.795,
                51.7185
              ],
              [
                0.8482,
                51.7157
              ],
              [
                0.8995,
                51.7449
              ],
              [
                0.9428,
                51.7398
              ],
              [
                0.9501,
                51.6835
              ],
              [
                0.9265,
                51.6289
              ],
              [
                0.8229,
                51.6231
              ],
              [
                0.7619,
                51.6442
              ],
              [
                0.6621,
                51.637
              ],
              [
                0.6504,
                51.6484
              ],
              [
                0.6579,
                51.6379
              ],
              [
                0.6053,
                51.629
              ],
              [
                0.7641,
                51.6369
              ],
              [
                0.7794,
                51.6188
              ],
              [
                0.8657,
                51.6156
              ],
              [
                0.8625,
                51.5961
              ],
              [
                0.8163,
                51.6022
              ],
              [
                0.7137,
                51.5727
              ],
              [
                0.8059,
                51.5861
              ],
              [
                0.7991,
                51.5709
              ],
              [
                0.8144,
                51.5764
              ],
              [
                0.8486,
                51.5514
              ],
              [
                0.7878,
                51.5218
              ],
              [
                0.545,
                51.5476
              ],
              [
                0.5347,
                51.5312
              ],
              [
                0.5069,
                51.5313
              ],
              [
                0.5413,
                51.5126
              ],
              [
                0.4559,
                51.5069
              ],
              [
                0.434,
                51.4615
              ],
              [
                0.3788,
                51.4521
              ],
              [
                0.3408,
                51.4523
              ],
              [
                0.3187,
                51.4741
              ],
              [
                0.2814,
                51.4614
              ],
              [
                0.1263,
                51.5194
              ],
              [
                0.0687,
                51.4991
              ],
              [
                -0.002,
                51.5073
              ],
              [
                -0.0065,
                51.4871
              ],
              [
                -0.0304,
                51.5072
              ],
              [
                -0.1115,
                51.5108
              ],
              [
                -0.1285,
                51.4882
              ],
              [
                -0.1888,
                51.4668
              ],
              [
                -0.2172,
                51.4699
              ],
              [
                -0.2344,
                51.4904
              ],
              [
                -0.2608,
                51.4713
              ],
              [
                -0.299,
                51.4853
              ],
              [
                -0.3217,
                51.4654
              ],
              [
                -0.3043,
                51.4516
              ],
              [
                -0.3285,
                51.434
              ],
              [
                -0.3025,
                51.4523
              ],
              [
                -0.3182,
                51.4706
              ],
              [
                -0.2882,
                51.4865
              ],
              [
                -0.2602,
                51.4703
              ],
              [
                -0.2328,
                51.4885
              ],
              [
                -0.1951,
                51.4606
              ],
              [
                -0.1732,
                51.4796
              ],
              [
                -0.1284,
                51.485
              ],
              [
                -0.1088,
                51.5084
              ],
              [
                -0.0338,
                51.506
              ],
              [
                -0.0195,
                51.478
              ],
              [
                0.0025,
                51.4899
              ],
              [
                0.0005,
                51.504
              ],
              [
                0.0762,
                51.4959
              ],
              [
                0.1258,
                51.5127
              ],
              [
                0.2765,
                51.4536
              ],
              [
                0.3099,
                51.467
              ],
              [
                0.3559,
                51.4456
              ],
              [
                0.4432,
                51.4495
              ],
              [
                0.4815,
                51.4872
              ],
              [
                0.7032,
                51.4713
              ],
              [
                0.7227,
                51.4538
              ],
              [
                0.7103,
                51.4348
              ],
              [
                0.6358,
                51.4462
              ],
              [
                0.6109,
                51.4174
              ],
              [
                0.5324,
                51.4127
              ],
              [
                0.519,
                51.387
              ],
              [
                0.492,
                51.3917
              ],
              [
                0.5225,
                51.3851
              ],
              [
                0.5372,
                51.4103
              ],
              [
                0.6163,
                51.3779
              ],
              [
                0.6324,
                51.389
              ],
              [
                0.6269,
                51.3747
              ],
              [
                0.648,
                51.3976
              ],
              [
                0.6701,
                51.3733
              ],
              [
                0.6865,
                51.3916
              ],
              [
                0.7031,
                51.3918
              ],
              [
                0.6953,
                51.3798
              ],
              [
                0.7192,
                51.3882
              ],
              [
                0.7018,
                51.3957
              ],
              [
                0.6989,
                51.4214
              ],
              [
                0.728,
                51.4236
              ],
              [
                0.7147,
                51.4198
              ],
              [
                0.7323,
                51.415
              ],
              [
                0.7169,
                51.4141
              ],
              [
                0.7264,
                51.399
              ],
              [
                0.7628,
                51.3844
              ],
              [
                0.7648,
                51.3631
              ],
              [
                0.7413,
                51.3456
              ],
              [
                0.7602,
                51.3607
              ],
              [
                0.8628,
                51.3563
              ],
              [
                0.8989,
                51.334
              ],
              [
                1.0332,
                51.3656
              ],
              [
                1.4249,
                51.3938
              ],
              [
                1.4496,
                51.3775
              ],
              [
                1.4247,
                51.326
              ],
              [
                1.3769,
                51.3296
              ],
              [
                1.3562,
                51.3093
              ],
              [
                1.3676,
                51.3134
              ],
              [
                1.4031,
                51.2342
              ],
              [
                1.4011,
                51.1652
              ],
              [
                1.3434,
                51.1221
              ],
              [
                1.3112,
                51.1193
              ],
              [
                1.3248,
                51.112
              ],
              [
                1.2211,
                51.0981
              ],
              [
                1.1948,
                51.076
              ],
              [
                1.0756,
                51.0635
              ],
              [
                0.9973,
                51.0251
              ],
              [
                0.9641,
                50.9681
              ],
              [
                0.9784,
                50.9129
              ],
              [
                0.772,
                50.9313
              ],
              [
                0.6586,
                50.87
              ],
              [
                0.3775,
                50.8203
              ],
              [
                0.2428,
                50.7352
              ],
              [
                0.0668,
                50.7825
              ],
              [
                -0.2875,
                50.8405
              ],
              [
                -0.2491,
                50.8263
              ],
              [
                -0.545,
                50.805
              ],
              [
                -0.7515,
                50.7586
              ],
              [
                -0.7631,
                50.7729
              ],
              [
                -0.7869,
                50.7599
              ],
              [
                -0.7503,
                50.7573
              ],
              [
                -0.7893,
                50.7224
              ],
              [
                -0.9168,
                50.7804
              ],
              [
                -0.8778,
                50.8077
              ],
              [
                -0.8252,
                50.8049
              ],
              [
                -0.812,
                50.8339
              ],
              [
                -0.8446,
                50.8049
              ],
              [
                -0.8699,
                50.8165
              ],
              [
                -0.8512,
                50.8278
              ],
              [
                -0.8581,
                50.8395
              ],
              [
                -0.8709,
                50.8405
              ],
              [
                -0.8769,
                50.8115
              ],
              [
                -0.895,
                50.8386
              ],
              [
                -0.9132,
                50.8401
              ],
              [
                -0.908,
                50.7986
              ],
              [
                -0.9426,
                50.8154
              ],
              [
                -0.9325,
                50.846
              ],
              [
                -0.9814,
                50.8349
              ],
              [
                -1.0008,
                50.8514
              ],
              [
                -1.0243,
                50.8264
              ],
              [
                -1.0892,
                50.8286
              ],
              [
                -1.1033,
                50.8464
              ],
              [
                -1.1727,
                50.8406
              ],
              [
                -1.167,
                50.8529
              ],
              [
                -1.1794,
                50.8374
              ],
              [
                -1.1501,
                50.8331
              ],
              [
                -1.1571,
                50.8234
              ],
              [
                -1.1166,
                50.7957
              ],
              [
                -1.1386,
                50.7852
              ],
              [
                -1.1123,
                50.7893
              ],
              [
                -1.1399,
                50.7746
              ],
              [
                -1.3064,
                50.8407
              ],
              [
                -1.302,
                50.8836
              ],
              [
                -1.256,
                50.9035
              ],
              [
                -1.3129,
                50.8764
              ],
              [
                -1.3126,
                50.8489
              ],
              [
                -1.3831,
                50.8894
              ],
              [
                -1.3718,
                50.912
              ],
              [
                -1.3877,
                50.917
              ],
              [
                -1.3808,
                50.9324
              ],
              [
                -1.3933,
                50.8831
              ],
              [
                -1.4646,
                50.91
              ],
              [
                -1.4773,
                50.9285
              ],
              [
                -1.4782,
                50.912
              ],
              [
                -1.4218,
                50.895
              ],
              [
                -1.3086,
                50.8148
              ],
              [
                -1.3424,
                50.7859
              ],
              [
                -1.4035,
                50.7834
              ],
              [
                -1.4121,
                50.8049
              ],
              [
                -1.4512,
                50.8192
              ],
              [
                -1.3936,
                50.7768
              ],
              [
                -1.5138,
                50.7532
              ],
              [
                -1.5368,
                50.7631
              ],
              [
                -1.5311,
                50.737
              ],
              [
                -1.5805,
                50.7183
              ],
              [
                -1.5512,
                50.7061
              ],
              [
                -1.6925,
                50.7374
              ],
              [
                -1.7706,
                50.7303
              ],
              [
                -1.7411,
                50.7233
              ],
              [
                -1.7488,
                50.711
              ],
              [
                -1.8762,
                50.7154
              ],
              [
                -1.9478,
                50.6827
              ],
              [
                -1.9321,
                50.6961
              ],
              [
                -1.9576,
                50.7152
              ],
              [
                -1.9919,
                50.7125
              ],
              [
                -1.9846,
                50.7203
              ],
              [
                -2.0051,
                50.7296
              ],
              [
                -1.996,
                50.7375
              ],
              [
                -2.0114,
                50.7266
              ],
              [
                -1.9865,
                50.7082
              ],
              [
                -2.0402,
                50.7191
              ],
              [
                -2.0269,
                50.7293
              ],
              [
                -2.0426,
                50.7319
              ],
              [
                -2.0416,
                50.714
              ],
              [
                -2.0629,
                50.7165
              ],
              [
                -2.0713,
                50.7076
              ],
              [
                -2.0576,
                50.7056
              ],
              [
                -2.0842,
                50.6906
              ],
              [
                -2.0262,
                50.7074
              ],
              [
                -2.0245,
                50.6876
              ],
              [
                -2.0527,
                50.678
              ],
              [
                -2.0247,
                50.6846
              ],
              [
                -2.0273,
                50.668
              ],
              [
                -2.0114,
                50.6828
              ],
              [
                -1.9957,
                50.6672
              ],
              [
                -1.9784,
                50.6769
              ],
              [
                -1.9782,
                50.6593
              ],
              [
                -1.9498,
                50.6801
              ],
              [
                -1.9494,
                50.6458
              ],
              [
                -1.9238,
                50.642
              ],
              [
                -1.957,
                50.6166
              ],
              [
                -1.9441,
                50.6075
              ],
              [
                -1.9513,
                50.5946
              ],
              [
                -2.0549,
                50.5767
              ],
              [
                -2.0641,
                50.5937
              ],
              [
                -2.1344,
                50.6126
              ],
              [
                -2.3936,
                50.6367
              ],
              [
                -2.4409,
                50.6267
              ],
              [
                -2.4508,
                50.6042
              ],
              [
                -2.4334,
                50.5965
              ],
              [
                -2.4724,
                50.5845
              ],
              [
                -2.6115,
                50.654
              ],
              [
                -2.4606,
                50.5711
              ],
              [
                -2.4224,
                50.5692
              ],
              [
                -2.4159,
                50.5487
              ],
              [
                -2.4568,
                50.5136
              ],
              [
                -2.4487,
                50.5591
              ],
              [
                -2.504,
                50.5966
              ],
              [
                -2.6355,
                50.6629
              ],
              [
                -2.7936,
                50.718
              ],
              [
                -2.9085,
                50.7334
              ],
              [
                -3.0117,
                50.6998
              ],
              [
                -3.0799,
                50.7023
              ],
              [
                -3.0961,
                50.6852
              ],
              [
                -3.234,
                50.6787
              ],
              [
                -3.3605,
                50.6075
              ],
              [
                -3.4238,
                50.6177
              ],
              [
                -3.4155,
                50.6293
              ],
              [
                -3.4507,
                50.6818
              ],
              [
                -3.4839,
                50.6905
              ],
              [
                -3.4564,
                50.6561
              ],
              [
                -3.4437,
                50.6016
              ],
              [
                -3.4247,
                50.611
              ],
              [
                -3.4964,
                50.5417
              ],
              [
                -3.5908,
                50.5388
              ],
              [
                -3.4974,
                50.5383
              ],
              [
                -3.5148,
                50.4817
              ],
              [
                -3.4808,
                50.464
              ],
              [
                -3.5401,
                50.4605
              ],
              [
                -3.5591,
                50.4277
              ],
              [
                -3.5447,
                50.4021
              ],
              [
                -3.4824,
                50.399
              ],
              [
                -3.5154,
                50.3726
              ],
              [
                -3.5179,
                50.3465
              ],
              [
                -3.5441,
                50.3354
              ],
              [
                -3.5736,
                50.3479
              ],
              [
                -3.5704,
                50.3685
              ],
              [
                -3.5917,
                50.3823
              ],
              [
                -3.5752,
                50.3932
              ],
              [
                -3.6342,
                50.4088
              ],
              [
                -3.6724,
                50.397
              ],
              [
                -3.5941,
                50.3897
              ],
              [
                -3.5806,
                50.3721
              ],
              [
                -3.6013,
                50.3563
              ],
              [
                -3.5793,
                50.3603
              ],
              [
                -3.5636,
                50.3354
              ],
              [
                -3.6424,
                50.2899
              ],
              [
                -3.6592,
                50.2379
              ],
              [
                -3.6407,
                50.2218
              ],
              [
                -3.7212,
                50.2029
              ],
              [
                -3.7734,
                50.2241
              ],
              [
                -3.7261,
                50.2369
              ],
              [
                -3.756,
                50.2514
              ],
              [
                -3.72,
                50.2706
              ],
              [
                -3.7569,
                50.2549
              ],
              [
                -3.758,
                50.2836
              ],
              [
                -3.7652,
                50.2717
              ],
              [
                -3.778,
                50.2792
              ],
              [
                -3.7675,
                50.2629
              ],
              [
                -3.7858,
                50.2657
              ],
              [
                -3.7588,
                50.2406
              ],
              [
                -3.7753,
                50.2437
              ],
              [
                -3.7661,
                50.2363
              ],
              [
                -3.7847,
                50.2109
              ],
              [
                -3.8211,
                50.217
              ],
              [
                -3.868,
                50.2394
              ],
              [
                -3.8581,
                50.2608
              ],
              [
                -3.8811,
                50.2761
              ],
              [
                -3.8258,
                50.3106
              ],
              [
                -3.8952,
                50.2818
              ],
              [
                -3.9437,
                50.2959
              ],
              [
                -3.9264,
                50.3398
              ],
              [
                -3.9626,
                50.3041
              ],
              [
                -4.0208,
                50.2945
              ],
              [
                -4.0748,
                50.3039
              ],
              [
                -4.0319,
                50.3143
              ],
              [
                -4.0532,
                50.3151
              ],
              [
                -4.0157,
                50.341
              ],
              [
                -4.0583,
                50.3381
              ],
              [
                -4.0471,
                50.3279
              ],
              [
                -4.0564,
                50.3115
              ],
              [
                -4.119,
                50.3193
              ],
              [
                -4.1315,
                50.3601
              ],
              [
                -4.1053,
                50.3565
              ],
              [
                -4.084,
                50.3867
              ],
              [
                -4.1139,
                50.3625
              ],
              [
                -4.1854,
                50.3672
              ],
              [
                -4.1927,
                50.3902
              ],
              [
                -4.1797,
                50.3967
              ],
              [
                -4.2048,
                50.4
              ],
              [
                -4.1923,
                50.4247
              ],
              [
                -4.1694,
                50.4231
              ],
              [
                -4.1899,
                50.4285
              ],
              [
                -4.1565,
                50.4465
              ],
              [
                -4.1567,
                50.4613
              ],
              [
                -4.1851,
                50.4343
              ],
              [
                -4.2157,
                50.4683
              ],
              [
                -4.243,
                50.466
              ],
              [
                -4.2297,
                50.455
              ],
              [
                -4.2177,
                50.4644
              ],
              [
                -4.1998,
                50.4371
              ],
              [
                -4.2212,
                50.426
              ],
              [
                -4.2368,
                50.4387
              ],
              [
                -4.2098,
                50.4254
              ],
              [
                -4.2118,
                50.3994
              ],
              [
                -4.2763,
                50.377
              ],
              [
                -4.2903,
                50.3905
              ],
              [
                -4.2806,
                50.3986
              ],
              [
                -4.3087,
                50.3878
              ],
              [
                -4.2667,
                50.3695
              ],
              [
                -4.2308,
                50.3904
              ],
              [
                -4.2017,
                50.3876
              ],
              [
                -4.1948,
                50.3719
              ],
              [
                -4.2393,
                50.3617
              ],
              [
                -4.1968,
                50.3594
              ],
              [
                -4.2085,
                50.347
              ],
              [
                -4.1762,
                50.3601
              ],
              [
                -4.1686,
                50.3466
              ],
              [
                -4.2012,
                50.3329
              ],
              [
                -4.1884,
                50.3177
              ],
              [
                -4.2227,
                50.3115
              ],
              [
                -4.2203,
                50.3261
              ],
              [
                -4.2827,
                50.3568
              ],
              [
                -4.387,
                50.3657
              ],
              [
                -4.4511,
                50.3509
              ],
              [
                -4.4594,
                50.3696
              ],
              [
                -4.4594,
                50.3591
              ],
              [
                -4.4837,
                50.3641
              ],
              [
                -4.4513,
                50.3504
              ],
              [
                -4.4735,
                50.3332
              ],
              [
                -4.6335,
                50.3248
              ],
              [
                -4.6088,
                50.3383
              ],
              [
                -4.6361,
                50.3473
              ],
              [
                -4.6077,
                50.3594
              ],
              [
                -4.636,
                50.3601
              ],
              [
                -4.6336,
                50.3792
              ],
              [
                -4.6158,
                50.3855
              ],
              [
                -4.638,
                50.3731
              ],
              [
                -4.6624,
                50.3898
              ],
              [
                -4.6387,
                50.3704
              ],
              [
                -4.6336,
                50.337
              ],
              [
                -4.673,
                50.314
              ],
              [
                -4.6916,
                50.3468
              ],
              [
                -4.7568,
                50.331
              ],
              [
                -4.7668,
                50.3221
              ],
              [
                -4.7529,
                50.2989
              ],
              [
                -4.7812,
                50.2902
              ],
              [
                -4.787,
                50.2695
              ],
              [
                -4.7671,
                50.2567
              ],
              [
                -4.7989,
                50.2195
              ],
              [
                -4.8629,
                50.236
              ],
              [
                -4.9188,
                50.1962
              ],
              [
                -4.9576,
                50.2022
              ],
              [
                -4.9819,
                50.1518
              ],
              [
                -5.0094,
                50.1395
              ],
              [
                -5.0174,
                50.149
              ],
              [
                -4.9886,
                50.1785
              ],
              [
                -5.0252,
                50.1559
              ],
              [
                -5.0144,
                50.1904
              ],
              [
                -5.0257,
                50.1822
              ],
              [
                -5.0349,
                50.2034
              ],
              [
                -5.0242,
                50.2208
              ],
              [
                -4.9798,
                50.2213
              ],
              [
                -4.9649,
                50.238
              ],
              [
                -5.0147,
                50.2279
              ],
              [
                -5.0217,
                50.2452
              ],
              [
                -4.9916,
                50.2799
              ],
              [
                -5.028,
                50.2429
              ],
              [
                -5.0502,
                50.2641
              ],
              [
                -5.0392,
                50.2492
              ],
              [
                -5.0505,
                50.2483
              ],
              [
                -5.016,
                50.2406
              ],
              [
                -5.0184,
                50.2259
              ],
              [
                -5.0443,
                50.2275
              ],
              [
                -5.0313,
                50.2107
              ],
              [
                -5.059,
                50.1934
              ],
              [
                -5.0666,
                50.2105
              ],
              [
                -5.0967,
                50.2112
              ],
              [
                -5.0464,
                50.1688
              ],
              [
                -5.1022,
                50.1698
              ],
              [
                -5.0421,
                50.1443
              ],
              [
                -5.0764,
                50.1401
              ],
              [
                -5.0949,
                50.1023
              ],
              [
                -5.1344,
                50.0997
              ],
              [
                -5.1378,
                50.1117
              ],
              [
                -5.1605,
                50.097
              ],
              [
                -5.1637,
                50.1128
              ],
              [
                -5.1595,
                50.094
              ],
              [
                -5.1945,
                50.0827
              ],
              [
                -5.1104,
                50.095
              ],
              [
                -5.0948,
                50.0891
              ],
              [
                -5.1179,
                50.0823
              ],
              [
                -5.0761,
                50.0854
              ],
              [
                -5.0796,
                50.0688
              ],
              [
                -5.0578,
                50.0528
              ],
              [
                -5.097,
                50.0261
              ],
              [
                -5.1014,
                50.0042
              ],
              [
                -5.1666,
                50.0037
              ],
              [
                -5.1988,
                49.959
              ],
              [
                -5.2462,
                49.9763
              ],
              [
                -5.2677,
                50.0037
              ],
              [
                -5.2615,
                50.0336
              ],
              [
                -5.3163,
                50.0852
              ],
              [
                -5.3917,
                50.1035
              ],
              [
                -5.4292,
                50.097
              ],
              [
                -5.4844,
                50.1269
              ],
              [
                -5.5313,
                50.1225
              ],
              [
                -5.5489,
                50.1059
              ],
              [
                -5.5399,
                50.0774
              ],
              [
                -5.577,
                50.0518
              ],
              [
                -5.6793,
                50.035
              ],
              [
                -5.7142,
                50.0638
              ],
              [
                -5.689,
                50.0885
              ],
              [
                -5.7098,
                50.1275
              ],
              [
                -5.6731,
                50.1663
              ],
              [
                -5.6291,
                50.1677
              ],
              [
                -5.6007,
                50.1933
              ],
              [
                -5.4953,
                50.2185
              ],
              [
                -5.4368,
                50.1934
              ],
              [
                -5.4367,
                50.176
              ],
              [
                -5.4337,
                50.1905
              ],
              [
                -5.407,
                50.1928
              ],
              [
                -5.4336,
                50.1937
              ],
              [
                -5.3917,
                50.2287
              ],
              [
                -5.3957,
                50.2404
              ],
              [
                -5.3408,
                50.2383
              ],
              [
                -5.2507,
                50.2818
              ],
              [
                -5.234,
                50.3187
              ],
              [
                -5.1539,
                50.3461
              ],
              [
                -5.1474,
                50.4032
              ],
              [
                -5.0832,
                50.4041
              ],
              [
                -5.1221,
                50.4104
              ],
              [
                -5.0547,
                50.4259
              ],
              [
                -5.0326,
                50.4659
              ],
              [
                -5.0468,
                50.4978
              ],
              [
                -5.0213,
                50.5092
              ],
              [
                -5.0366,
                50.5494
              ],
              [
                -4.9838,
                50.5422
              ],
              [
                -4.9453,
                50.5686
              ],
              [
                -4.9363,
                50.5116
              ],
              [
                -4.9295,
                50.5296
              ],
              [
                -4.8553,
                50.5289
              ],
              [
                -4.9261,
                50.5449
              ],
              [
                -4.9311,
                50.5645
              ],
              [
                -4.9156,
                50.576
              ],
              [
                -4.9343,
                50.5876
              ],
              [
                -4.8,
                50.5972
              ],
              [
                -4.7704,
                50.6224
              ],
              [
                -4.7638,
                50.6696
              ],
              [
                -4.6803,
                50.696
              ],
              [
                -4.6552,
                50.7154
              ],
              [
                -4.6539,
                50.7398
              ],
              [
                -4.5585,
                50.7883
              ],
              [
                -4.5698,
                50.9037
              ],
              [
                -4.546,
                50.9284
              ],
              [
                -4.526,
                51.0222
              ],
              [
                -4.3453,
                50.9889
              ],
              [
                -4.3036,
                50.9973
              ],
              [
                -4.2252,
                51.063
              ],
              [
                -4.1906,
                51.0546
              ],
              [
                -4.2032,
                51.0057
              ],
              [
                -4.1809,
                51.0663
              ],
              [
                -4.1531,
                51.0802
              ],
              [
                -4.1147,
                51.0736
              ],
              [
                -4.118,
                51.0898
              ],
              [
                -4.0555,
                51.0729
              ],
              [
                -4.1187,
                51.0945
              ],
              [
                -4.1676,
                51.0933
              ],
              [
                -4.1905,
                51.0649
              ],
              [
                -4.2158,
                51.0757
              ],
              [
                -4.2226,
                51.1178
              ],
              [
                -4.2616,
                51.143
              ],
              [
                -4.22,
                51.1467
              ],
              [
                -4.2097,
                51.1725
              ],
              [
                -4.2305,
                51.1879
              ],
              [
                -4.0881,
                51.2175
              ],
              [
                -4.0387,
                51.2067
              ],
              [
                -3.9258,
                51.2319
              ],
              [
                -3.8086,
                51.2318
              ],
              [
                -3.7854,
                51.2464
              ],
              [
                -3.6217,
                51.2168
              ],
              [
                -3.5544,
                51.2331
              ],
              [
                -3.442,
                51.2065
              ],
              [
                -3.4116,
                51.1839
              ],
              [
                -3.3132,
                51.1796
              ],
              [
                -3.0192,
                51.2183
              ],
              [
                -3.0562,
                51.1734
              ],
              [
                -3.0023,
                51.226
              ],
              [
                -3.0219,
                51.269
              ],
              [
                -3.0112,
                51.3203
              ],
              [
                -3.0359,
                51.3285
              ],
              [
                -2.9946,
                51.3212
              ],
              [
                -2.9932,
                51.301
              ],
              [
                -2.9834,
                51.3507
              ],
              [
                -2.9941,
                51.3572
              ],
              [
                -2.9633,
                51.3698
              ],
              [
                -2.9808,
                51.3884
              ],
              [
                -2.898,
                51.3903
              ],
              [
                -2.913,
                51.396
              ],
              [
                -2.879,
                51.4319
              ],
              [
                -2.7733,
                51.4947
              ],
              [
                -2.718,
                51.5013
              ],
              [
                -2.6511,
                51.4737
              ],
              [
                -2.7183,
                51.5062
              ],
              [
                -2.6805,
                51.5351
              ],
              [
                -2.6639,
                51.5732
              ],
              [
                -2.5808,
                51.6331
              ],
              [
                -2.5667,
                51.6291
              ],
              [
                -2.5802,
                51.6342
              ],
              [
                -2.574,
                51.6487
              ],
              [
                -2.489,
                51.6997
              ],
              [
                -2.4819,
                51.7257
              ],
              [
                -2.382,
                51.7592
              ],
              [
                -2.3837,
                51.7758
              ],
              [
                -2.447,
                51.7927
              ],
              [
                -2.4312,
                51.8118
              ],
              [
                -2.3471,
                51.7977
              ],
              [
                -2.3617,
                51.8222
              ],
              [
                -2.3497,
                51.8297
              ],
              [
                -2.3632,
                51.8216
              ],
              [
                -2.348,
                51.8028
              ],
              [
                -2.3635,
                51.7943
              ],
              [
                -2.4146,
                51.8171
              ],
              [
                -2.4406,
                51.8126
              ],
              [
                -2.4484,
                51.7849
              ],
              [
                -2.4046,
                51.7728
              ],
              [
                -2.4776,
                51.74
              ],
              [
                -2.5053,
                51.7104
              ],
              [
                -2.61,
                51.6724
              ],
              [
                -2.6561,
                51.6102
              ],
              [
                -2.6803,
                51.6475
              ],
              [
                -2.6659,
                51.6643
              ],
              [
                -2.6864,
                51.6632
              ],
              [
                -2.6569,
                51.6745
              ],
              [
                -2.6838,
                51.7006
              ],
              [
                -2.6684,
                51.7058
              ],
              [
                -2.6875,
                51.7304
              ],
              [
                -2.6627,
                51.7539
              ],
              [
                -2.6805,
                51.7689
              ],
              [
                -2.6785,
                51.8028
              ],
              [
                -2.6504,
                51.8261
              ],
              [
                -2.7197,
                51.8489
              ],
              [
                -2.7388,
                51.8366
              ],
              [
                -2.7788,
                51.8659
              ],
              [
                -2.7683,
                51.8804
              ],
              [
                -2.8419,
                51.9177
              ],
              [
                -2.8619,
                51.914
              ],
              [
                -2.845,
                51.9221
              ],
              [
                -2.8778,
                51.9338
              ],
              [
                -2.9718,
                51.905
              ],
              [
                -2.9767,
                51.9275
              ],
              [
                -3.0081,
                51.9271
              ],
              [
                -3.0674,
                51.9831
              ],
              [
                -3.0992,
                52.0227
              ],
              [
                -3.0906,
                52.0505
              ],
              [
                -3.1259,
                52.0783
              ],
              [
                -3.1049,
                52.1167
              ],
              [
                -3.1419,
                52.1279
              ],
              [
                -3.0725,
                52.1558
              ],
              [
                -3.1224,
                52.1634
              ],
              [
                -3.0947,
                52.1837
              ],
              [
                -3.1021,
                52.2027
              ],
              [
                -3.0721,
                52.2131
              ],
              [
                -3.073,
                52.2359
              ],
              [
                -3.0442,
                52.2379
              ],
              [
                -3.0359,
                52.2568
              ],
              [
                -2.9496,
                52.2695
              ],
              [
                -3.0126,
                52.2792
              ],
              [
                -3.0009,
                52.3218
              ],
              [
                -2.9668,
                52.3294
              ],
              [
                -2.9547,
                52.3492
              ],
              [
                -3.0607,
                52.3482
              ],
              [
                -3.2195,
                52.4212
              ],
              [
                -3.2356,
                52.4425
              ],
              [
                -3.1972,
                52.476
              ],
              [
                -3.0292,
                52.5013
              ],
              [
                -3.0324,
                52.5237
              ],
              [
                -3.0039,
                52.5198
              ],
              [
                -2.9942,
                52.5529
              ],
              [
                -3.0142,
                52.5755
              ],
              [
                -3.0873,
                52.5513
              ],
              [
                -3.0854,
                52.5345
              ],
              [
                -3.1331,
                52.5275
              ],
              [
                -3.1115,
                52.5414
              ],
              [
                -3.1395,
                52.5857
              ],
              [
                -3.0896,
                52.5995
              ],
              [
                -3.0598,
                52.6307
              ],
              [
                -3.0836,
                52.6413
              ],
              [
                -3.0511,
                52.6474
              ],
              [
                -3.047,
                52.6913
              ],
              [
                -3.0204,
                52.7251
              ],
              [
                -2.9611,
                52.7165
              ],
              [
                -2.9651,
                52.7323
              ],
              [
                -3.0218,
                52.7519
              ],
              [
                -3.0171,
                52.7676
              ],
              [
                -3.0795,
                52.7715
              ],
              [
                -3.0866,
                52.7956
              ],
              [
                -3.1183,
                52.7836
              ],
              [
                -3.1609,
                52.7957
              ],
              [
                -3.1532,
                52.8064
              ],
              [
                -3.1679,
                52.8193
              ],
              [
                -3.1513,
                52.8426
              ],
              [
                -3.163,
                52.8475
              ],
              [
                -3.1277,
                52.8671
              ],
              [
                -3.1524,
                52.8787
              ],
              [
                -3.1355,
                52.885
              ],
              [
                -3.1475,
                52.8902
              ],
              [
                -3.1142,
                52.894
              ],
              [
                -3.096,
                52.9303
              ],
              [
                -3.0351,
                52.9295
              ],
              [
                -2.975,
                52.969
              ],
              [
                -2.9289,
                52.9387
              ],
              [
                -2.8874,
                52.9525
              ],
              [
                -2.841,
                52.9426
              ],
              [
                -2.7988,
                52.8958
              ],
              [
                -2.7284,
                52.9253
              ],
              [
                -2.7268,
                52.9833
              ],
              [
                -2.836,
                52.9972
              ],
              [
                -2.861,
                53.0228
              ],
              [
                -2.8557,
                53.0373
              ],
              [
                -2.8701,
                53.0454
              ],
              [
                -2.8592,
                53.0543
              ],
              [
                -2.8726,
                53.0586
              ],
              [
                -2.8615,
                53.0607
              ],
              [
                -2.9021,
                53.092
              ],
              [
                -2.8811,
                53.1216
              ],
              [
                -2.9102,
                53.1126
              ],
              [
                -2.9951,
                53.1542
              ],
              [
                -2.9278,
                53.1714
              ],
              [
                -2.9223,
                53.1893
              ],
              [
                -2.9984,
                53.2359
              ],
              [
                -3.101,
                53.2673
              ],
              [
                -3.1405,
                53.3059
              ],
              [
                -3.1203,
                53.3117
              ],
              [
                -3.1352,
                53.3319
              ],
              [
                -3.2004,
                53.3875
              ],
              [
                -3.0403,
                53.4429
              ],
              [
                -2.9583,
                53.3326
              ],
              [
                -2.8784,
                53.2908
              ],
              [
                -2.843,
                53.3075
              ],
              [
                -2.789,
                53.2955
              ],
              [
                -2.7525,
                53.3147
              ],
              [
                -2.7634,
                53.3275
              ],
              [
                -2.7538,
                53.3434
              ],
              [
                -2.6217,
                53.375
              ],
              [
                -2.7621,
                53.3533
              ],
              [
                -2.7898,
                53.3224
              ],
              [
                -2.8782,
                53.3342
              ],
              [
                -2.985,
                53.3865
              ],
              [
                -3.0651,
                53.5048
              ],
              [
                -3.0641,
                53.5306
              ],
              [
                -3.0882,
                53.5274
              ],
              [
                -3.1055,
                53.5515
              ],
              [
                -3.0032,
                53.6701
              ],
              [
                -3.0141,
                53.6791
              ],
              [
                -2.9415,
                53.6965
              ],
              [
                -2.9551,
                53.7044
              ],
              [
                -2.9288,
                53.7045
              ],
              [
                -2.9482,
                53.7118
              ],
              [
                -2.9359,
                53.7254
              ],
              [
                -2.9155,
                53.7133
              ],
              [
                -2.9293,
                53.7242
              ],
              [
                -2.9113,
                53.7168
              ],
              [
                -2.8682,
                53.7334
              ],
              [
                -2.8263,
                53.7132
              ],
              [
                -2.8548,
                53.7353
              ],
              [
                -2.7572,
                53.7564
              ],
              [
                -2.8793,
                53.7353
              ],
              [
                -3.0008,
                53.7367
              ],
              [
                -3.055,
                53.762
              ],
              [
                -3.061,
                53.7953
              ],
              [
                -3.0501,
                53.9192
              ],
              [
                -3.0061,
                53.9281
              ],
              [
                -3.0031,
                53.893
              ],
              [
                -2.9688,
                53.874
              ],
              [
                -2.9773,
                53.8619
              ],
              [
                -2.9527,
                53.8578
              ],
              [
                -2.9912,
                53.8955
              ],
              [
                -2.9966,
                53.9311
              ],
              [
                -2.915,
                53.9515
              ],
              [
                -2.8913,
                53.9395
              ],
              [
                -2.8725,
                53.9538
              ],
              [
                -2.8868,
                53.9584
              ],
              [
                -2.8412,
                53.9659
              ],
              [
                -2.8793,
                53.9791
              ],
              [
                -2.8681,
                53.9931
              ],
              [
                -2.8232,
                53.9948
              ],
              [
                -2.8415,
                54.0457
              ],
              [
                -2.7933,
                54.0629
              ],
              [
                -2.8503,
                54.0411
              ],
              [
                -2.8352,
                54.0108
              ],
              [
                -2.8726,
                54.0076
              ],
              [
                -2.881,
                53.9895
              ],
              [
                -2.9002,
                53.992
              ],
              [
                -2.9034,
                54.0206
              ],
              [
                -2.9244,
                54.0313
              ],
              [
                -2.8791,
                54.0746
              ],
              [
                -2.8204,
                54.0887
              ],
              [
                -2.8269,
                54.1
              ],
              [
                -2.7851,
                54.135
              ],
              [
                -2.81,
                54.1323
              ],
              [
                -2.8289,
                54.1447
              ],
              [
                -2.8133,
                54.1572
              ],
              [
                -2.8284,
                54.1533
              ],
              [
                -2.8372,
                54.1742
              ],
              [
                -2.8647,
                54.1838
              ],
              [
                -2.7944,
                54.2274
              ],
              [
                -2.8131,
                54.245
              ],
              [
                -2.8007,
                54.2509
              ],
              [
                -2.8144,
                54.2496
              ],
              [
                -2.8029,
                54.2251
              ],
              [
                -2.8872,
                54.1994
              ],
              [
                -2.9254,
                54.1503
              ],
              [
                -2.9471,
                54.1493
              ],
              [
                -3.0002,
                54.1538
              ],
              [
                -2.9961,
                54.1759
              ],
              [
                -3.0388,
                54.1972
              ],
              [
                -3.0145,
                54.2064
              ],
              [
                -3.0488,
                54.2332
              ],
              [
                -3.0286,
                54.2464
              ],
              [
                -3.0481,
                54.2423
              ],
              [
                -3.0531,
                54.2208
              ],
              [
                -3.0324,
                54.2113
              ],
              [
                -3.0597,
                54.1894
              ],
              [
                -3.0609,
                54.162
              ],
              [
                -3.1724,
                54.0818
              ],
              [
                -3.1507,
                54.0648
              ],
              [
                -3.178,
                54.0749
              ],
              [
                -3.1913,
                54.1029
              ],
              [
                -3.2213,
                54.0925
              ],
              [
                -3.2393,
                54.1041
              ],
              [
                -3.2377,
                54.1559
              ],
              [
                -3.2565,
                54.1687
              ],
              [
                -3.2172,
                54.1775
              ],
              [
                -3.1892,
                54.2336
              ],
              [
                -3.2285,
                54.258
              ],
              [
                -3.2238,
                54.2769
              ],
              [
                -3.2293,
                54.2498
              ],
              [
                -3.2164,
                54.2374
              ],
              [
                -3.2383,
                54.2336
              ],
              [
                -3.2254,
                54.2274
              ],
              [
                -3.2367,
                54.2207
              ],
              [
                -3.2515,
                54.2282
              ],
              [
                -3.2563,
                54.2148
              ],
              [
                -3.2393,
                54.2031
              ],
              [
                -3.254,
                54.1916
              ],
              [
                -3.33,
                54.1963
              ],
              [
                -3.4227,
                54.2929
              ],
              [
                -3.4225,
                54.3398
              ],
              [
                -3.41,
                54.3504
              ],
              [
                -3.4044,
                54.3379
              ],
              [
                -3.4042,
                54.362
              ],
              [
                -3.4353,
                54.3434
              ],
              [
                -3.6385,
                54.5159
              ],
              [
                -3.6136,
                54.525
              ],
              [
                -3.5804,
                54.5719
              ],
              [
                -3.5659,
                54.6122
              ],
              [
                -3.5781,
                54.6517
              ],
              [
                -3.5572,
                54.6463
              ],
              [
                -3.5717,
                54.6508
              ],
              [
                -3.5069,
                54.7176
              ],
              [
                -3.4454,
                54.7522
              ],
              [
                -3.4379,
                54.8016
              ],
              [
                -3.3989,
                54.8685
              ],
              [
                -3.367,
                54.8915
              ],
              [
                -3.3388,
                54.9002
              ],
              [
                -3.3497,
                54.8935
              ],
              [
                -3.2876,
                54.8807
              ],
              [
                -3.2819,
                54.8615
              ],
              [
                -3.2865,
                54.8922
              ],
              [
                -3.2507,
                54.9118
              ],
              [
                -3.2097,
                54.9039
              ],
              [
                -3.2476,
                54.9139
              ],
              [
                -3.2702,
                54.8998
              ],
              [
                -3.3135,
                54.9189
              ],
              [
                -3.2833,
                54.9421
              ],
              [
                -3.2044,
                54.9539
              ],
              [
                -3.138,
                54.9275
              ],
              [
                -3.0478,
                54.9463
              ],
              [
                -3.0096,
                54.9462
              ],
              [
                -3.0064,
                54.9309
              ],
              [
                -2.9959,
                54.9359
              ],
              [
                -3.0143,
                54.9481
              ],
              [
                -3.1079,
                54.932
              ],
              [
                -3.1271,
                54.9509
              ],
              [
                -3.0614,
                54.9848
              ],
              [
                -3.0403,
                54.97
              ],
              [
                -3.0561,
                54.9865
              ],
              [
                -3.0259,
                55.0365
              ],
              [
                -3.0509,
                55.0528
              ],
              [
                -2.9586,
                55.0493
              ],
              [
                -2.9404,
                55.0691
              ],
              [
                -2.8969,
                55.0779
              ],
              [
                -2.8255,
                55.1383
              ],
              [
                -2.7035,
                55.1732
              ],
              [
                -2.6668,
                55.2216
              ],
              [
                -2.6314,
                55.2237
              ],
              [
                -2.6302,
                55.2448
              ],
              [
                -2.6115,
                55.2471
              ],
              [
                -2.6468,
                55.26
              ],
              [
                -2.559,
                55.3179
              ],
              [
                -2.5203,
                55.323
              ],
              [
                -2.4754,
                55.3547
              ],
              [
                -2.3789,
                55.3492
              ],
              [
                -2.3375,
                55.3672
              ],
              [
                -2.3356,
                55.4082
              ],
              [
                -2.1949,
                55.4446
              ],
              [
                -2.1655,
                55.4684
              ],
              [
                -2.2013,
                55.4753
              ],
              [
                -2.2403,
                55.5556
              ],
              [
                -2.2888,
                55.5803
              ],
              [
                -2.2892,
                55.6038
              ],
              [
                -2.3161,
                55.6205
              ],
              [
                -2.3086,
                55.6289
              ],
              [
                -2.336,
                55.6325
              ],
              [
                -2.3058,
                55.647
              ],
              [
                -2.2344,
                55.641
              ],
              [
                -2.2483,
                55.6521
              ],
              [
                -2.1672,
                55.706
              ],
              [
                -2.1767,
                55.7187
              ],
              [
                -2.0856,
                55.762
              ],
              [
                -2.0861,
                55.793
              ],
              [
                -2.0346,
                55.8112
              ],
              [
                -2,
                55.7859
              ]
            ]
          ]
        ]
      },
      "properties": {
        "CTRY25CD": "E92000001",
        "CTRY25NM": "England"
      }
    }
  ]
}
